Workbook

Sheet 数据源
A1: 月份 | B1: 分公司 | C1: 销售额_USD | D1: 实际毛利_RMB | E1: 毛利汇算销售额_RMB
A2: 2026-01 | B2: 市场七一司 | C2: 5140.8 | D2: 1942.6276 | E2: 35779.968
A3: 2026-01 | B3: 市场七一司 | C3: 0 | D3: -3616.69 | E3: 0
A4: 2026-01 | B4: 市场七一司 | C4: 1216 | D4: 3167.2504 | E4: 8463.36
A5: 2026-01 | B5: 市场七一司 | C5: 1108.8 | D5: -1004.8608 | E5: 7739.424
A6: 2026-01 | B6: 市场七一司 | C6: 1900.8 | D6: -221.6866 | E6: 13248.576
A7: 2026-01 | B7: 市场七一司 | C7: 402 | D7: -205.3838 | E7: 2801.94
A8: 2026-01 | B8: 市场七一司 | C8: 485 | D8: 476.5586 | E8: 3385.3
A9: 2026-01 | B9: 市场七一司 | C9: 523.8 | D9: 454.0666 | E9: 3656.124
A10: 2026-01 | B10: 市场七一司 | C10: 1229.76 | D10: 341.944 | E10: 8559.1296
A11: 2026-01 | B11: 市场七三司 | C11: 1434 | D11: 2144.499 | E11: 9966.3
A12: 2026-01 | B12: 市场七三司 | C12: 1434 | D12: 1879.009 | E12: 9966.3
A13: 2026-01 | B13: 市场七三司 | C13: 4230 | D13: 1341.7584 | E13: 29440.8
... A451: 2026-06 | B451: 市场八十司 | C451: 7395 | D451: 3344.1971 | E451: 50064.15

Sheet 动态看板
A1: 月度销售额及毛利率趋势对比
A2: 月度新接订单规模 (USD) 与实际出运毛利率 (%) 趋势关系图
A3: 请选择分公司: | B3: 所有分公司
A5: 月份 | B5: 销售额 (USD) | C5: 实际毛利额 (RMB) | D5: 毛利汇算销售额 (RMB) | E5: 已出运毛利率
A6: 2026-01 | B6: =IF($B$3="所有分公司", SUMIFS(数据源!$C$2:$C$5000, 数据源!$A$2:$A$5000, A6), SUMIFS(数据源!$C$2:$C$5000, 数据源!$A$2:$A$5000, A6, 数据源!$B$2:$B$5000, $B$3)) -> 0 | C6: =IF($B$3="所有分公司", SUMIFS(数据源!$D$2:$D$5000, 数据源!$A$2:$A$5000, A6), SUMIFS(数据源!$D$2:$D$5000, 数据源!$A$2:$A$5000, A6, 数据源!$B$2:$B$5000, $B$3)) -> 0 | D6: =IF($B$3="所有分公司", SUMIFS(数据源!$E$2:$E$5000, 数据源!$A$2:$A$5000, A6), SUMIFS(数据源!$E$2:$E$5000, 数据源!$A$2:$A$5000, A6, 数据源!$B$2:$B$5000, $B$3)) -> 0 | E6: =IF(D6=0, 0, C6/D6) -> 0
A7: 2026-02 | B7: =IF($B$3="所有分公司", SUMIFS(数据源!$C$2:$C$5000, 数据源!$A$2:$A$5000, A7), SUMIFS(数据源!$C$2:$C$5000, 数据源!$A$2:$A$5000, A7, 数据源!$B$2:$B$5000, $B$3)) -> 0 | C7: =IF($B$3="所有分公司", SUMIFS(数据源!$D$2:$D$5000, 数据源!$A$2:$A$5000, A7), SUMIFS(数据源!$D$2:$D$5000, 数据源!$A$2:$A$5000, A7, 数据源!$B$2:$B$5000, $B$3)) -> 0 | D7: =IF($B$3="所有分公司", SUMIFS(数据源!$E$2:$E$5000, 数据源!$A$2:$A$5000, A7), SUMIFS(数据源!$E$2:$E$5000, 数据源!$A$2:$A$5000, A7, 数据源!$B$2:$B$5000, $B$3)) -> 0 | E7: =IF(D7=0, 0, C7/D7) -> 0
A8: 2026-03 | B8: =IF($B$3="所有分公司", SUMIFS(数据源!$C$2:$C$5000, 数据源!$A$2:$A$5000, A8), SUMIFS(数据源!$C$2:$C$5000, 数据源!$A$2:$A$5000, A8, 数据源!$B$2:$B$5000, $B$3)) -> 0 | C8: =IF($B$3="所有分公司", SUMIFS(数据源!$D$2:$D$5000, 数据源!$A$2:$A$5000, A8), SUMIFS(数据源!$D$2:$D$5000, 数据源!$A$2:$A$5000, A8, 数据源!$B$2:$B$5000, $B$3)) -> 0 | D8: =IF($B$3="所有分公司", SUMIFS(数据源!$E$2:$E$5000, 数据源!$A$2:$A$5000, A8), SUMIFS(数据源!$E$2:$E$5000, 数据源!$A$2:$A$5000, A8, 数据源!$B$2:$B$5000, $B$3)) -> 0 | E8: =IF(D8=0, 0, C8/D8) -> 0
A9: 2026-04 | B9: =IF($B$3="所有分公司", SUMIFS(数据源!$C$2:$C$5000, 数据源!$A$2:$A$5000, A9), SUMIFS(数据源!$C$2:$C$5000, 数据源!$A$2:$A$5000, A9, 数据源!$B$2:$B$5000, $B$3)) -> 0 | C9: =IF($B$3="所有分公司", SUMIFS(数据源!$D$2:$D$5000, 数据源!$A$2:$A$5000, A9), SUMIFS(数据源!$D$2:$D$5000, 数据源!$A$2:$A$5000, A9, 数据源!$B$2:$B$5000, $B$3)) -> 0 | D9: =IF($B$3="所有分公司", SUMIFS(数据源!$E$2:$E$5000, 数据源!$A$2:$A$5000, A9), SUMIFS(数据源!$E$2:$E$5000, 数据源!$A$2:$A$5000, A9, 数据源!$B$2:$B$5000, $B$3)) -> 0 | E9: =IF(D9=0, 0, C9/D9) -> 0
A10: 2026-05 | B10: =IF($B$3="所有分公司", SUMIFS(数据源!$C$2:$C$5000, 数据源!$A$2:$A$5000, A10), SUMIFS(数据源!$C$2:$C$5000, 数据源!$A$2:$A$5000, A10, 数据源!$B$2:$B$5000, $B$3)) -> 0 | C10: =IF($B$3="所有分公司", SUMIFS(数据源!$D$2:$D$5000, 数据源!$A$2:$A$5000, A10), SUMIFS(数据源!$D$2:$D$5000, 数据源!$A$2:$A$5000, A10, 数据源!$B$2:$B$5000, $B$3)) -> 0 | D10: =IF($B$3="所有分公司", SUMIFS(数据源!$E$2:$E$5000, 数据源!$A$2:$A$5000, A10), SUMIFS(数据源!$E$2:$E$5000, 数据源!$A$2:$A$5000, A10, 数据源!$B$2:$B$5000, $B$3)) -> 0 | E10: =IF(D10=0, 0, C10/D10) -> 0
A11: 2026-06 | B11: =IF($B$3="所有分公司", SUMIFS(数据源!$C$2:$C$5000, 数据源!$A$2:$A$5000, A11), SUMIFS(数据源!$C$2:$C$5000, 数据源!$A$2:$A$5000, A11, 数据源!$B$2:$B$5000, $B$3)) -> 0 | C11: =IF($B$3="所有分公司", SUMIFS(数据源!$D$2:$D$5000, 数据源!$A$2:$A$5000, A11), SUMIFS(数据源!$D$2:$D$5000, 数据源!$A$2:$A$5000, A11, 数据源!$B$2:$B$5000, $B$3)) -> 0 | D11: =IF($B$3="所有分公司", SUMIFS(数据源!$E$2:$E$5000, 数据源!$A$2:$A$5000, A11), SUMIFS(数据源!$E$2:$E$5000, 数据源!$A$2:$A$5000, A11, 数据源!$B$2:$B$5000, $B$3)) -> 0 | E11: =IF(D11=0, 0, C11/D11) -> 0
